{"cameraMode":{"drawMode":0,"name":"Shaded","section":"Shading Mode"},"sceneLighting":true,"audioPlay":false,"sceneViewState":{"m_AlwaysRefresh":false,"showFog":true,"showSkybox":true,"showFlares":true,"showImageEffects":true,"showParticleSystems":true,"showVisualEffectGraphs":true,"m_FxEnabled":false},"in2DMode":false,"pivot":{"x":0.8202915191650391,"y":-0.29169005155563357,"z":15.508757591247559},"rotation":{"x":-0.11430636048316956,"y":0.7036837339401245,"z":-0.11631244421005249,"w":-0.6915464401245117},"size":2.7384097576141359,"orthographic":false}